country,stable,stable_per2000,stable_per2020,increase increase,increase increase percent,increase decrease,increase decrease percent,decrease increase,decrease increase percent,decrease decrease,decrease decrease percent,total increase per,total increase,total decrease per,total decrease,forest edge 2000,forest edge 2020
Indonesia,2932939.62,0.547937376,0.585811831,377782.3233,0.075456499,1695902.141,0.338731671,1458102.547,0.2724055,961649.1245,0.179657124,0.414188169,2073684.465,0.452062624,2419751.672,5352691.291,5006624.084
Malaysia,292173.7614,0.423681105,0.383577601,63868.5001,0.083849165,405664.7854,0.532573234,282683.691,0.409919556,114750.2688,0.166399339,0.616422399,469533.2855,0.576318895,397433.9598,689607.7212,761707.0469
Chile,1523513.783,0.791066881,0.838994678,138571.9005,0.076311149,153794.4682,0.084694173,233907.4665,0.121453742,168476.3205,0.087479377,0.161005322,292366.3687,0.208933119,402383.787,1925897.57,1815880.151
Bolivia,1548777.429,0.719363089,0.7386853,158406.188,0.075551413,389483.8401,0.185763288,231877.8904,0.107700689,372328.9704,0.172936223,0.2613147,547890.0281,0.280636911,604206.8608,2152984.29,2096667.457
Peru,965807.5503,0.769824112,0.708248329,107564.701,0.078879607,290284.4071,0.212872064,165406.649,0.131842029,123367.8996,0.098333859,0.291751671,397849.1081,0.230175888,288774.5486,1254582.099,1363656.658
Argentina,2269203.133,0.733874893,0.814112721,262265.6328,0.094091968,255864.0858,0.091795311,280214.8754,0.090623294,542666.4249,0.175501813,0.185887279,518129.7186,0.266125107,822881.3003,3092084.433,2787332.852
United Kingdom,618430.3322,0.708776288,0.733466631,167482.9945,0.198637068,57247.5013,0.067896301,150923.6609,0.172971969,103178.4866,0.118251743,0.266533369,224730.4958,0.291223712,254102.1475,872532.4797,843160.828
Cyprus,19168.4992,0.88756443,0.881040758,2082.5287,0.095719161,505.6264,0.023240081,1440.7909,0.066713348,987.451,0.045722222,0.118959242,2588.1551,0.11243557,2428.2419,21596.7411,21756.6543
India,6485264.241,0.857993596,0.838976335,922530.9818,0.119344661,322177.5677,0.041679004,720835.1674,0.09536573,352540.0398,0.046640674,0.161023665,1244708.55,0.142006404,1073375.207,7558639.448,7729972.79
China,14977384.15,0.779084556,0.808239136,2258525.2,0.12187899,1294972.776,0.069881874,2904076.838,0.151062521,1342876.143,0.069852923,0.191760864,3553497.976,0.220915444,4246952.981,19224337.13,18530882.12
Israel,16732.5638,0.814736351,0.787387985,4127.4209,0.194224965,390.7381,0.01838705,2347.5227,0.114304783,1457.3104,0.070958866,0.212612015,4518.159,0.185263649,3804.8331,20537.3969,21250.7228
Lebanon,24099.3302,0.829888007,0.840929048,3518.2231,0.122765902,1040.4295,0.03630505,3149.9822,0.108473241,1789.9435,0.061638752,0.159070952,4558.6526,0.170111993,4939.9257,29039.2559,28657.9828
Ethiopia,3893878.011,0.838558714,0.915910378,173069.0864,0.040708972,184427.3881,0.04338065,194637.4884,0.041915787,555021.0186,0.119525499,0.084089622,357496.4745,0.161441286,749658.507,4643536.518,4251374.485
South Sudan,2003034.863,0.717065733,0.845547814,250075.1797,0.105565073,115809.6432,0.048887113,275853.9107,0.098752843,514488.1382,0.184181424,0.154452186,365884.8229,0.282934267,790342.0489,2793376.912,2368919.686
Somalia,48745.1973,0.8591001,0.949709181,2427.2519,0.047290473,153.9971,0.003000346,836.9464,0.014750596,7157.6906,0.126149304,0.050290819,2581.249,0.1408999,7994.637,56739.8343,51326.4463
Kenya,898520.1254,0.789270958,0.917101826,34193.9048,0.034901046,47024.6419,0.047997127,55239.2571,0.048522832,184658.4394,0.162206209,0.082898174,81218.5467,0.210729042,239897.6965,1138417.822,979738.6721
Malawi,384542.5138,0.703376137,0.864701436,13252.6966,0.029800673,46916.1059,0.105497891,25882.2047,0.047341775,136284.9204,0.249282088,0.135298564,60168.8025,0.296623863,162167.1251,546709.6389,444711.3163
United Republic of Tanzania,3319160.192,0.666658791,0.843492187,131916.0665,0.033523592,483945.5964,0.122984221,303661.2545,0.060990863,1355977.66,0.272350346,0.156507813,615861.6629,0.333341209,1659638.915,4978799.107,3935021.855
Syria,29294.3686,0.790654975,0.810436203,3991.3082,0.110420563,2860.7447,0.079143234,2635.3544,0.071128212,5121.0381,0.138216813,0.189563797,6852.0529,0.209345025,7756.3925,37050.7611,36146.4215
Somaliland,11851.1303,0.976422832,0.949529447,621.4542,0.049791796,8.4716,0.000678757,270.5764,0.022292977,15.5866,0.001284191,0.050470553,629.9258,0.023577168,286.163,12137.2933,12481.0561
France,2370317.707,0.818114919,0.839012861,226224.759,0.080075967,228584.3187,0.080911172,322966.6865,0.11147192,204007.4794,0.070413161,0.160987139,454809.0777,0.181885081,526974.1659,2897291.873,2825126.785
Suriname,57157.7675,0.753511932,0.727221204,2186.3933,0.027817594,19253.3377,0.244961202,10295.6741,0.135728067,8401.7175,0.110760001,0.272778796,21439.731,0.246488068,18697.3916,75855.1591,78597.4985
Guyana,121991.098,0.809073911,0.808315871,2899.9297,0.019215002,26029.0548,0.172469126,16043.9693,0.106407412,12743.6148,0.084518677,0.191684129,28928.9845,0.190926089,28787.5841,150778.6821,150920.0825
South Korea,294423.1652,0.745710441,0.806122395,24127.3327,0.066059962,46683.3263,0.127817642,61053.5167,0.154635403,39345.6904,0.099654156,0.193877605,70810.659,0.254289559,100399.2071,394822.3723,365233.8242
North Korea,290826.5654,0.615649054,0.706854554,64130.1083,0.155868358,56480.9606,0.137277089,130638.5883,0.276548063,50925.0227,0.107802883,0.293145446,120611.0689,0.384350946,181563.611,472390.1764,411437.6343
Morocco,246509.9525,0.836339919,0.825052265,46730.8565,0.15640504,5540.2052,0.018542695,30210.1402,0.102494629,18028.4262,0.061165451,0.174947735,52271.0617,0.163660081,48238.5664,294748.5189,298781.0142
Western Sahara,-1,-1,-1,-1,-1,-1,-1,-1,-1,-1,-1,-1,-1,-1,-1,-1,-1
Costa Rica,209933.1117,0.728715309,0.794258709,12792.9393,0.048400671,41587.2127,0.15734062,27500.7242,0.095459923,50652.7587,0.175824768,0.205741291,54380.152,0.271284691,78153.4829,288086.5946,264313.2637
Nicaragua,602816.166,0.708836056,0.684653221,42303.385,0.048046404,235349.7832,0.267300375,86638.4225,0.101875897,160976.4251,0.189288046,0.315346779,277653.1682,0.291163944,247614.8476,850431.0136,880469.3342
Republic of the Congo,339460.6195,0.631486811,0.699826846,33683.699,0.069441801,111919.4105,0.230731353,62198.341,0.115705415,135898.7742,0.252807774,0.300173154,145603.1095,0.368513189,198097.1152,537557.7347,485063.729
Democratic Republic of the Congo,4347978.853,0.63451889,0.6523881,343839.0113,0.051590978,1972894.219,0.296020923,928058.5825,0.135435503,1576365.107,0.230045608,0.3476119,2316733.23,0.36548111,2504423.69,6852402.542,6664712.083
Bhutan,60381.2209,0.741352585,0.834111624,7035.391,0.097187525,4973.2448,0.068700852,15710.7326,0.192894282,5355.42,0.065753133,0.165888376,12008.6358,0.258647415,21066.1526,81447.3735,72389.8567
Ukraine,1063488.812,0.704343155,0.749258828,206734.0204,0.145650136,149164.9308,0.105091036,375246.1265,0.248523574,71166.5985,0.047133271,0.250741172,355898.9512,0.295656845,446412.725,1509901.537,1419387.764
Belarus,361313.3669,0.526835098,0.58090316,141797.5517,0.22797564,118874.623,0.1911212,278802.2472,0.406524703,45703.0954,0.066640199,0.41909684,260672.1747,0.473164902,324505.3426,685818.7095,621985.5416
Namibia,71909.3277,0.779061308,0.853317359,12130.7144,0.14395002,230.2788,0.00273262,4617.777,0.050028717,15775.4227,0.170909976,0.146682641,12360.9932,0.220938692,20393.1997,92302.5274,84270.3209
South Africa,1500150.174,0.835238545,0.883454804,119524.2397,0.070389129,78375.2957,0.046156067,131567.8864,0.073253046,164355.8672,0.091508409,0.116545196,197899.5354,0.164761455,295923.7536,1796073.927,1698049.709
Netherlands,111967.3153,0.756943602,0.748761142,30615.2226,0.204733756,6954.2222,0.046505101,25306.2598,0.171080385,10646.7125,0.071976013,0.251238858,37569.4448,0.243056398,35952.9723,147920.2876,149536.7601
Oman,9050.1312,0.952214177,0.872884721,1315.8092,0.126909734,2.1311,0.000205544,435.4617,0.045817325,18.7092,0.001968498,0.127115279,1317.9403,0.047785823,454.1709,9504.3021,10368.0715
Uzbekistan,56175.5893,0.768935531,0.577705568,40092.1936,0.412305127,971.3513,0.009989304,13329.642,0.182457104,3551.0745,0.048607365,0.422294432,41063.5449,0.231064469,16880.7165,73056.3058,97239.1342
Kazakhstan,636355.5862,0.898064914,0.914114565,52447.3529,0.075339779,7341.2978,0.010545656,40568.9319,0.057253421,31660.7707,0.044681665,0.085885435,59788.6507,0.101935086,72229.7026,708585.2888,696144.2369
Tajikistan,60111.1908,0.852913768,0.74344535,19624.4966,0.242712556,1119.201,0.013842094,6460.0758,0.091661594,3906.1873,0.055424637,0.25655465,20743.6976,0.147086232,10366.2631,70477.4539,80854.8884
Lithuania,123796.8955,0.565492476,0.58285382,45462.2685,0.214042984,43138.6813,0.203103196,83625.3213,0.381992536,11496.5146,0.052514988,0.41714618,88600.9498,0.434507524,95121.8359,218918.7314,212397.8453
Brazil,18571817.81,0.731661716,0.799675984,1494854.688,0.064366311,3157506.018,0.135957705,2253114.219,0.088764462,4558134.208,0.179573822,0.200324016,4652360.706,0.268338284,6811248.427,25383066.24,23224178.52
Uruguay,205432.4217,0.711087795,0.6481302,95798.5163,0.30224008,15730.7183,0.04962972,51950.8502,0.179823687,31515.5435,0.109088518,0.3518698,111529.2346,0.288912205,83466.3937,288898.8154,316961.6563
Mongolia,874027.4903,0.891196237,0.922628308,32574.6223,0.034385954,40721.4003,0.042985738,37893.6294,0.038637984,68814.0478,0.07016578,0.077371692,73296.0226,0.108803763,106707.6772,980735.1675,947323.5129
Russia,35430783.72,0.675049517,0.755337552,5490711.206,0.117054717,5985723.734,0.127607731,12610382.87,0.240260925,4445033.043,0.084689558,0.244662448,11476434.94,0.324950483,17055415.91,52486199.63,46907218.66
Czechia,303459.4626,0.834466948,0.774833971,27016.5645,0.068982367,61168.4723,0.156183662,40824.5524,0.112261253,19372.6444,0.053271799,0.225166029,88185.0368,0.165533052,60197.1968,363656.6594,391644.4994
Germany,1241608.708,0.83834552,0.821064991,130300.7601,0.086166754,140283.502,0.092768254,160157.78,0.108139993,79256.1668,0.053514486,0.178935009,270584.2621,0.16165448,239413.9468,1481022.655,1512192.97
Estonia,105603.3325,0.555027925,0.500274663,30054.4023,0.142376719,75432.9725,0.357348618,62964.7578,0.33092894,21698.6113,0.114043136,0.499725337,105487.3748,0.444972075,84663.3691,190266.7016,211090.7073
Latvia,156044.9466,0.520601468,0.506114009,50078.5893,0.1624242,102196.218,0.331461792,110156.0502,0.367505662,33538.7391,0.111892869,0.493885991,152274.8073,0.479398532,143694.7893,299739.7359,308319.7539
Norway,987590.1624,0.675323841,0.742239883,145209.5386,0.109134654,197754.1871,0.148625463,259649.38,0.177550793,215155.3892,0.147125366,0.257760117,342963.7257,0.324676159,474804.7692,1462394.932,1330553.888
Sweden,1386788.556,0.610906595,0.626764246,163947.1255,0.074096513,661880.2481,0.29913924,595029.6144,0.262121802,288231.8953,0.126971603,0.373235754,825827.3736,0.389093405,883261.5097,2270050.065,2212615.929
Finland,1083575.732,0.5884241,0.622489751,157402.9499,0.090424435,499733.8839,0.287085814,536738.303,0.291469939,221173.6485,0.120105961,0.377510249,657136.8338,0.4115759,757911.9515,1841487.684,1740712.566
Vietnam,918364.3437,0.603682883,0.595467949,205279.2274,0.133103165,418612.9785,0.271428887,323432.945,0.212607266,279472.1882,0.183709851,0.404532051,623892.2059,0.396317117,602905.1332,1521269.477,1542256.55
Cambodia,313184.4779,0.482173141,0.498317628,35087.1409,0.055828248,280212.0234,0.445854123,48886.0108,0.075264015,287456.5205,0.442562844,0.501682372,315299.1643,0.517826859,336342.5313,649527.0092,628483.6422
Luxembourg,11534.3626,0.806680794,0.801050016,1545.5619,0.107337738,1319.1297,0.091612246,1837.7915,0.128529955,926.3921,0.064789251,0.198949984,2864.6916,0.193319206,2764.1836,14298.5462,14399.0542
United Arab Emirates,268.0409,0.768422263,0.361064125,474.3228,0.638935875,0,0,80.7789,0.231577737,0,0,0.638935875,474.3228,0.231577737,80.7789,348.8198,742.3637
Belgium,170593.9376,0.827755885,0.822219201,20101.476,0.096883979,16784.462,0.080896819,21117.4996,0.102466329,14380.6494,0.069777785,0.177780799,36885.938,0.172244115,35498.149,206092.0866,207479.8756
Georgia,205187.2566,0.76303288,0.841782528,33061.1925,0.135633834,5504.8361,0.022583639,51491.266,0.191481331,12231.5885,0.045485789,0.158217472,38566.0286,0.23696712,63722.8545,268910.1111,243753.2852
North Macedonia,112772.5191,0.884248805,0.901626397,5298.7117,0.042363675,7005.541,0.056009928,7033.2746,0.055147874,7729.0341,0.060603321,0.098373603,12304.2527,0.115751195,14762.3087,127534.8278,125076.7718
Albania,147551.8234,0.872458585,0.889871353,9082.2517,0.054774217,9178.4583,0.05535443,9075.9313,0.053665038,12494.1108,0.073876378,0.110128647,18260.71,0.127541415,21570.0421,169121.8655,165812.5334
Azerbaijan,112960.7209,0.774164958,0.807535924,18504.4824,0.132285224,8418.0112,0.060178852,15268.7819,0.104643064,17683.4834,0.121191978,0.192464076,26922.4936,0.225835042,32952.2653,145912.9862,139883.2145
Kosovo,50920.37,0.842416091,0.847413378,4118.6121,0.068541666,5050.192,0.084044956,5582.5915,0.092357242,3942.6669,0.065226667,0.152586622,9168.8041,0.157583909,9525.2584,60445.6284,60089.1741
Turkey,1437006.805,0.816879821,0.848304109,177994.4604,0.10507496,78974.7397,0.046620932,217832.1697,0.123828713,104302.0491,0.059291465,0.151695891,256969.2001,0.183120179,322134.2188,1759141.024,1693976.005
Spain,2112144.135,0.868809266,0.88436658,171376.4079,0.071756262,104792.3829,0.043877158,183867.7166,0.075632138,135067.348,0.055558596,0.11563342,276168.7908,0.131190734,318935.0646,2431079.2,2388312.926
Laos,285781.9222,0.613028495,0.398987069,16669.1577,0.023272215,413817.5531,0.577740716,52677.7914,0.112998705,127720.7735,0.2739728,0.601012931,430486.7108,0.386971505,180398.5649,466180.4871,716268.633
Kyrgyzstan,197704.9438,0.815338604,0.781321403,52108.9044,0.205932141,3225.3531,0.012746456,35215.6281,0.145229859,9561.4384,0.039431537,0.218678597,55334.2575,0.184661396,44777.0665,242482.0103,253039.2013
Armenia,40132.4878,0.803871934,0.827237082,6394.4601,0.131806793,1986.9409,0.040956125,5491.6453,0.110000146,4299.8487,0.08612792,0.172762918,8381.401,0.196128066,9791.494,49923.9818,48513.8888
Denmark,69474.0202,0.618061931,0.612214558,29377.0755,0.258874803,14628.7609,0.12891064,27321.4052,0.243059498,15610.8186,0.138878572,0.387785442,44005.8364,0.381938069,42932.2238,112406.244,113479.8566
Libya,10912.6416,0.919303356,0.885908663,1330.9612,0.10804992,74.4183,0.006041417,399.778,0.03367812,558.136,0.047018524,0.114091337,1405.3795,0.080696644,957.914,11870.5556,12318.0211
Tunisia,57610.4523,0.843646359,0.863417827,6196.8565,0.092873362,2916.4146,0.043708811,4034.599,0.05908259,6642.3913,0.097271051,0.136582173,9113.2711,0.156353641,10676.9903,68287.4426,66723.7234
Romania,531613.4836,0.788549303,0.840992727,61362.2835,0.097072847,39150.3695,0.061934426,119686.1109,0.177531989,22866.8548,0.033918708,0.159007273,100512.653,0.211450697,142552.9657,674166.4493,632126.1366
Hungary,243439.7006,0.731854909,0.740923333,52456.3461,0.159654036,32666.5584,0.09942263,66415.1837,0.19966455,22778.9446,0.068480541,0.259076667,85122.9045,0.268145091,89194.1283,332633.8289,328562.6051
Slovakia,139079.2215,0.833115749,0.791139598,9829.4936,0.055914187,26887.3414,0.152946215,19746.2919,0.11828472,8113.1403,0.048599531,0.208860402,36716.835,0.166884251,27859.4322,166938.6537,175796.0565
Poland,815448.0614,0.685629596,0.688768553,199388.725,0.168413772,169084.951,0.142817676,313822.9079,0.263862634,60071.0112,0.05050777,0.311231447,368473.676,0.314370404,373893.9191,1189341.981,1183921.737
Ireland,108364.9705,0.590599493,0.573673815,64888.2638,0.343512278,15643.2564,0.082813907,50129.3798,0.273209933,24988.6559,0.136190574,0.426326185,80531.5202,0.409400507,75118.0357,183483.0062,188896.4907
Greece,607446.5901,0.895836163,0.918017353,33399.9111,0.050476369,20847.516,0.031506279,36076.9647,0.053204759,34554.218,0.050959078,0.081982647,54247.4271,0.104163837,70631.1827,678077.7728,661694.0172
Zambia,3318816.2,0.687933229,0.812414623,172195.4699,0.042151812,594114.4521,0.145433564,426232.1882,0.088350565,1079280.575,0.223716207,0.187585377,766309.922,0.312066771,1505512.763,4824328.964,4085126.122
Sierra Leone,240945.7645,0.584115885,0.484712415,17015.1905,0.034229587,239129.1901,0.481057998,61268.5025,0.148530959,110282.2439,0.267353156,0.515287585,256144.3806,0.415884115,171550.7464,412496.5109,497090.1451
Guinea,1169772.663,0.65392712,0.644681503,54902.3983,0.03025764,589821.9535,0.325060856,158400.9499,0.088549408,460668.9474,0.257523472,0.355318497,644724.3518,0.34607288,619069.8973,1788842.56,1814497.015
Liberia,44843.2106,0.427519122,0.188893496,4887.6536,0.020588311,187668.5781,0.790518193,37930.4477,0.361615314,22118.049,0.210865564,0.811106504,192556.2317,0.572480878,60048.4967,104891.7073,237399.4423
Central African Republic,1302352.091,0.694559663,0.788983766,60423.7588,0.036605589,287894.4771,0.174410645,289920.2226,0.154617859,282803.5942,0.150822478,0.211016234,348318.2359,0.305440337,572723.8168,1875075.908,1650670.327
Sudan,900623.3734,0.873807008,0.899853049,93147.1081,0.093067437,7085.5745,0.007079514,56020.9104,0.054352869,74044.8335,0.071840124,0.100146951,100232.6826,0.126192992,130065.7439,1030689.117,1000856.056
Djibouti,19.9141,0.86266483,0.946307736,1.0475,0.049776658,0.0824,0.003915605,0.6077,0.026325137,2.5626,0.111010033,0.053692264,1.1299,0.13733517,3.1703,23.0844,21.044
Eritrea,22896.3428,0.874851755,0.758487898,7287.941,0.24142786,2.543,8.42E-05,3264.4222,0.124731077,10.918,0.000417168,0.241512102,7290.484,0.125148245,3275.3402,26171.683,30186.8268
Austria,347503.8551,0.861852983,0.826757579,15297.2682,0.036394222,57520.2189,0.1368482,22301.2695,0.055309935,33400.3664,0.082837082,0.173242421,72817.4871,0.138147017,55701.6359,403205.491,420321.3422
Iraq,14328.4145,0.804635927,0.64496683,7835.5891,0.352704416,51.735,0.002328754,2920.492,0.164005081,558.4198,0.031358992,0.35503317,7887.3241,0.195364073,3478.9118,17807.3263,22215.7386
Italy,1278488.274,0.870661385,0.87741705,104756.6683,0.071893727,73859.4922,0.050689223,98275.0668,0.066926156,91647.1068,0.062412459,0.12258295,178616.1605,0.129338615,189922.1736,1468410.447,1457104.434
Switzerland,203291.9362,0.887015257,0.898905279,8991.2254,0.039756914,13871.8526,0.061337807,9072.4437,0.039585417,16822.1358,0.073399326,0.101094721,22863.078,0.112984743,25894.5795,229186.5157,226155.0142
Iran,114925.0643,0.783931967,0.750897379,32059.2466,0.209468704,6065.9826,0.039633917,19183.3176,0.1308541,12492.4318,0.085213932,0.249102621,38125.2292,0.216068033,31675.7494,146600.8137,153050.2935
Liechtenstein,935.8715,0.867212387,0.907173607,27.2967,0.026459664,68.4662,0.066366728,29.8401,0.027650916,113.4606,0.105136696,0.092826393,95.7629,0.132787613,143.3007,1079.1722,1031.6344
Ivory Coast,1779752.351,0.615649195,0.677757179,128575.8939,0.048963686,717615.6874,0.273279135,464838.2198,0.160796122,646264.0987,0.223554683,0.322242821,846191.5813,0.384350805,1111102.319,2890854.67,2625943.933
Republic of Serbia,325859.8775,0.846595421,0.899753416,23234.9963,0.064155696,13070.8838,0.036090888,47162.1613,0.122528954,11884.2217,0.030875626,0.100246584,36305.8801,0.153404579,59046.383,384906.2605,362165.7576
Mali,1232946.537,0.806164918,0.90503499,79030.1444,0.058011474,50342.5107,0.036953536,92052.1774,0.060188527,204398.6942,0.133646555,0.09496501,129372.6551,0.193835082,296450.8716,1529397.408,1362319.192
Senegal,380513.0328,0.812736073,0.881140332,27382.5301,0.063408739,23946.0167,0.055450929,34857.7813,0.074452578,52816.8859,0.112811349,0.118859668,51328.5468,0.187263927,87674.6672,468187.7,431841.5796
Nigeria,2433151.044,0.613114883,0.829512717,195946.6367,0.066802358,304131.6634,0.103684925,484475.1007,0.122079924,1050881.411,0.264805193,0.170487283,500078.3001,0.386885117,1535356.512,3968507.555,2933229.344
Benin,656728.4251,0.638078661,0.847879676,55483.9143,0.07163339,62341.4608,0.080486934,84868.9536,0.082458846,287630.6231,0.279462493,0.152120324,117825.3751,0.361921339,372499.5767,1029228.002,774553.8002
Angola,4544839.966,0.711345118,0.83529066,377819.0784,0.069438913,518369.0729,0.095270427,641299.3812,0.100374312,1202939.386,0.18828057,0.16470934,896188.1513,0.288654882,1844238.767,6389078.733,5441028.117
Croatia,199529.0432,0.807215625,0.860109575,15676.2919,0.06757577,16775.6229,0.072314655,34361.3376,0.139012387,13291.459,0.053771988,0.139890425,32451.9148,0.192784375,47652.7966,247181.8398,231980.958
Slovenia,83519.2541,0.889933135,0.895426767,3423.3686,0.036702625,6330.5038,0.067870608,5342.7341,0.056929102,4986.9211,0.053137763,0.104573233,9753.8724,0.110066865,10329.6552,93848.9093,93273.1265
Qatar,14.3914,0.739153882,0.317271423,30.9685,0.682728577,0,0,5.0787,0.260846118,0,0,0.682728577,30.9685,0.260846118,5.0787,19.4701,45.3599
Saudi Arabia,6195.0931,0.765804657,0.535834276,5366.4911,0.464165724,0,0,1894.5588,0.234195343,0,0,0.464165724,5366.4911,0.234195343,1894.5588,8089.6519,11561.5842
Botswana,87820.4008,0.812750899,0.885789233,10394.2414,0.104840186,929.0339,0.009370582,3633.3292,0.033625348,16599.5504,0.153623752,0.114210767,11323.2753,0.187249101,20232.8796,108053.2804,99143.6761
Zimbabwe,1474642.728,0.796920558,0.933202419,64259.4392,0.040665487,41293.8316,0.026132095,73711.7455,0.039835008,302071.7865,0.163244433,0.066797581,105553.2708,0.203079442,375783.532,1850426.26,1580195.999
Pakistan,370728.8628,0.828964015,0.784835539,90432.6215,0.191446478,11203.5455,0.023717982,51034.6158,0.114115366,25456.0098,0.056920618,0.215164461,101636.167,0.171035985,76490.6256,447219.4884,472365.0298
Bulgaria,321150.723,0.812640596,0.87107554,29341.667,0.079585088,18190.5865,0.049339372,60691.0728,0.153572843,13352.2476,0.033786561,0.12892446,47532.2535,0.187359404,74043.3204,395194.0434,368682.9765
Thailand,1365679.612,0.597302377,0.638161234,363778.0231,0.169987917,410565.1971,0.191850849,527387.696,0.230661658,393345.1784,0.172035965,0.361838766,774343.2202,0.402697623,920732.8744,2286412.486,2140022.832
San Marino,445.4896,0.966770529,0.952581503,19.2943,0.041256616,2.8817,0.006161881,9.0836,0.019712597,6.2286,0.013516874,0.047418497,22.176,0.033229471,15.3122,460.8018,467.6656
Haiti,208911.2976,0.920659125,0.935875857,9168.4927,0.041072795,5145.6471,0.023051347,6628.5605,0.029211655,11375.0682,0.05012922,0.064124143,14314.1398,0.079340875,18003.6287,226914.9263,223225.4374
Dominican Republic,226818.3183,0.757093677,0.821403316,18955.384,0.068645317,30361.4362,0.109951368,26989.6266,0.090088295,45782.8787,0.152818027,0.178596684,49316.8202,0.242906323,72772.5053,299590.8236,276135.1385
Chad,1266558.039,0.736607788,0.889831906,67392.0178,0.047346877,89417.6943,0.062821217,103735.815,0.060330918,349153.1284,0.203061294,0.110168094,156809.7121,0.263392212,452888.9434,1719446.983,1423367.751
Kuwait,8.6583,0.601429544,0.171330705,41.8773,0.828669295,0,0,5.7379,0.398570456,0,0,0.828669295,41.8773,0.398570456,5.7379,14.3962,50.5356
El Salvador,127426.5749,0.855328314,0.890951144,5605.4518,0.039192639,9991.0512,0.069856217,8535.5081,0.057293086,13017.6396,0.0873786,0.109048856,15596.503,0.144671686,21553.1477,148979.7226,143023.0779
Guatemala,325897.9288,0.576574685,0.638673889,54831.1016,0.107454481,129543.793,0.253871629,114691.8713,0.202911475,124641.2743,0.220513839,0.361326111,184374.8946,0.423425315,239333.1456,565231.0744,510272.8234
East Timor,76601.1769,0.875973738,0.916847001,2179.8915,0.026091335,4767.4155,0.057061664,6142.5343,0.07024303,4703.1763,0.053783233,0.083152999,6947.307,0.124026262,10845.7106,87446.8875,83548.4839
Brunei,6899.0071,0.622441665,0.642275841,1149.3253,0.106998567,2693.1694,0.250725592,2705.9394,0.244135047,1478.8345,0.133423288,0.357724159,3842.4947,0.377558335,4184.7739,11083.781,10741.5018
Monaco,134.1198,0.881194305,0.915354806,11.678,0.079701233,0.7244,0.004943961,15.7754,0.10364758,2.3071,0.015158115,0.084645194,12.4024,0.118805695,18.0825,152.2023,146.5222
Algeria,294267.0601,0.815534923,0.817997667,48784.4301,0.13560998,16689.2181,0.046392353,39428.3027,0.109272026,27131.687,0.075193052,0.182002333,65473.6482,0.184465077,66559.9897,360827.0498,359740.7083
Mozambique,3998453.202,0.691840794,0.810162486,166751.6987,0.033787058,770167.0407,0.156050456,310021.9803,0.053642207,1470966.037,0.254516999,0.189837514,936918.7394,0.308159206,1780988.017,5779441.22,4935371.942
eSwatini,115659.1491,0.819843415,0.900155331,6513.6803,0.050694857,6315.1605,0.049149812,9568.5811,0.067826352,15846.9518,0.112330232,0.099844669,12828.8408,0.180156585,25415.5329,141074.682,128487.9899
Burundi,209828.1768,0.859599239,0.967190687,2301.9638,0.010610767,4815.8862,0.022198545,11524.2882,0.04721134,22747.5381,0.093189422,0.032809313,7117.85,0.140400761,34271.8263,244100.0031,216946.0268
Rwanda,141275.5027,0.805043123,0.958965723,2667.1733,0.018104538,3378.0251,0.022929738,10589.9952,0.060345939,23622.6203,0.134610939,0.041034277,6045.1984,0.194956877,34212.6155,175488.1182,147320.7011
Myanmar,1099056.664,0.63668224,0.606114916,138900.0266,0.07660149,575324.3138,0.317283594,279423.0727,0.161869459,347745.0497,0.201448301,0.393885084,714224.3404,0.36331776,627168.1224,1726224.786,1813281.004
Bangladesh,610760.4128,0.798116679,0.794249776,115084.0925,0.149658545,43133.2536,0.056091679,131848.6237,0.172294378,22642.9988,0.029588943,0.205750224,158217.3461,0.201883321,154491.6225,765252.0353,768977.7589
Andorra,1989.6182,0.938695391,0.951119111,73.9403,0.035346496,28.3122,0.013534393,80.6895,0.038069043,49.2491,0.023235565,0.048880889,102.2525,0.061304609,129.9386,2119.5568,2091.8707
Afghanistan,67349.8702,0.829032472,0.838806796,8980.6282,0.111848946,3961.9724,0.049344258,3837.1136,0.047232337,10052.1383,0.123735191,0.161193204,12942.6006,0.170967528,13889.2519,81239.1221,80292.4708
Montenegro,79076.301,0.845039341,0.8845873,4412.5225,0.049360697,5904.6157,0.066052003,6511.61,0.069585534,7989.1536,0.085375125,0.1154127,10317.1382,0.154960659,14500.7636,93577.0646,89393.4392
Bosnia and Herzegovina,233684.1324,0.824816964,0.907184432,14260.2568,0.055359698,9648.3606,0.03745587,35634.5571,0.125776564,13997.6614,0.049406472,0.092815568,23908.6174,0.175183036,49632.2185,283316.3509,257592.7498
Uganda,772743.1969,0.539556107,0.853302504,35746.3387,0.039472933,97101.6151,0.107224563,90102.5633,0.062912735,569337.4489,0.397531158,0.146697496,132847.9538,0.460443893,659440.0122,1432183.209,905591.1507
Cuba,425772.6338,0.779462418,0.788026414,82371.4786,0.152454375,32158.378,0.059519211,51295.2213,0.093906217,69170.9677,0.126631365,0.211973586,114529.8566,0.220537582,120466.189,546238.8228,540302.4904
Honduras,409832.7485,0.753040316,0.722955304,25855.5108,0.045609773,131197.0603,0.231434923,59760.282,0.109805529,74644.429,0.137154155,0.277044696,157052.5711,0.246959684,134404.711,544237.4595,566885.3196
Ecuador,638374.4625,0.722812511,0.770561945,40329.6958,0.048680721,149748.9815,0.180757335,109368.6954,0.123834937,135438.1003,0.153352553,0.229438055,190078.6773,0.277187489,244806.7957,883181.2582,828453.1398
Colombia,2504058.253,0.730243853,0.756791612,221101.4278,0.066822609,583622.0402,0.176385779,421213.5507,0.122836043,503799.5141,0.146920104,0.243208388,804723.468,0.269756147,925013.0648,3429071.317,3308781.721
Paraguay,1129388.682,0.625123321,0.718002729,181395.5009,0.115321206,262174.5767,0.166676065,209783.3339,0.116116317,467493.3959,0.258760362,0.281997271,443570.0776,0.374876679,677276.7298,1806665.412,1572958.76
Brazilian Island,20.8151,0.913007053,0.946721852,0.2799,0.012730539,0.8915,0.040547609,0.2391,0.010487578,1.7442,0.076505369,0.053278148,1.1714,0.086992947,1.9833,22.7984,21.9865
Portugal,541950.3353,0.795506448,0.792530828,64595.1746,0.094461916,77276.8928,0.113007255,71291.535,0.104645891,68022.6711,0.099847661,0.207469172,141872.0674,0.204493552,139314.2061,681264.5414,683822.4027
Moldova,42084.0896,0.702674517,0.745909461,11994.6492,0.212596314,2341.0974,0.041494225,15787.1477,0.263596682,2020.0617,0.033728801,0.254090539,14335.7466,0.297325483,17807.2094,59891.299,56419.8362
Turkmenistan,2038.9015,0.790793026,0.792443317,453.1182,0.176109777,80.9107,0.031446906,71.1354,0.027590042,468.2629,0.181616932,0.207556683,534.0289,0.209206974,539.3983,2578.2998,2572.9304
Jordan,2598.4778,0.906476185,0.765363046,785.7617,0.231440487,10.8523,0.003196467,235.454,0.082137875,32.6386,0.01138594,0.234636954,796.614,0.093523815,268.0926,2866.5704,3395.0918
Nepal,533076.9461,0.803453194,0.85714192,63976.61,0.102868891,24870.2278,0.039989189,93979.1741,0.141645344,36426.1464,0.054901462,0.14285808,88846.8378,0.196546806,130405.3205,663482.2666,621923.7839
Lesotho,135395.1149,0.98893145,0.982206048,2422.3911,0.017572918,30.4692,0.000221035,1259.1334,0.009196762,256.2675,0.001871788,0.017793952,2452.8603,0.01106855,1515.4009,136910.5158,137847.9752
Cameroon,896777.2688,0.663503452,0.767983267,34885.0142,0.029874873,236041.8941,0.20214186,200707.6215,0.148498634,254094.015,0.187997914,0.232016733,270926.9083,0.336496548,454801.6365,1351578.905,1167704.177
Gabon,122711.5544,0.65434418,0.696811437,10169.422,0.057746555,43223.4154,0.245442007,30587.9806,0.163106622,34234.118,0.182549198,0.303188563,53392.8374,0.34565582,64822.0986,187533.653,176104.3918
Niger,9133.1704,0.808595791,0.654167124,4808.733,0.344427499,19.6212,0.001405377,1300.6778,0.115154163,861.2519,0.076250046,0.345832876,4828.3542,0.191404209,2161.9297,11295.1001,13961.5246
Burkina Faso,653015.657,0.779814865,0.892979677,65315.4367,0.089316936,12946.0833,0.017703388,63809.9809,0.076200273,120572.6809,0.143984861,0.107020323,78261.52,0.220185135,184382.6618,837398.3188,731277.177
Togo,282100.8723,0.686463935,0.863254924,16283.3185,0.04982847,28403.2557,0.086916606,25814.3087,0.062816509,103032.6606,0.250719557,0.136745076,44686.5742,0.313536065,128846.9693,410947.8416,326787.4465
Ghana,1190307.246,0.662841697,0.802456927,64854.0793,0.043721993,228167.1942,0.15382108,189050.6358,0.105275881,416406.1017,0.231882422,0.197543073,293021.2735,0.337158303,605456.7375,1795763.983,1483328.519
Guinea-Bissau,134831.0716,0.668148283,0.629575208,6306.8968,0.02944919,73024.0093,0.340975602,26265.9144,0.130159357,40701.1402,0.201692359,0.370424792,79330.9061,0.331851717,66967.0546,201798.1262,214161.9777
United States of America,21141773.64,0.716440427,0.757542562,3139094.209,0.112478618,3627496.234,0.12997882,5587051.504,0.189330831,2780639.773,0.094228743,0.242457438,6766590.443,0.283559573,8367691.278,29509464.91,27908364.08
Canada,20292459.75,0.662253599,0.731627143,3548406.175,0.127934726,3895201.491,0.140438132,6663083.741,0.21745275,3685980.825,0.120293651,0.268372857,7443607.666,0.337746401,10349064.57,30641524.32,27736067.42
Mexico,4734438.735,0.791050871,0.84473344,420876.7543,0.075094153,449338.6094,0.080172407,641927.7505,0.107256115,608632.5935,0.101693014,0.15526656,870215.3637,0.208949129,1250560.344,5984999.079,5604654.099
Belize,34034.4662,0.588314417,0.559524407,5345.2123,0.087874942,21447.8132,0.352600651,8527.8932,0.147411817,15288.4517,0.264273766,0.440475593,26793.0255,0.411685583,23816.3449,57850.8111,60827.4917
Panama,257740.7762,0.699996366,0.755412609,18955.7709,0.055557481,64495.5023,0.18902991,44817.0847,0.121718406,65645.1593,0.178285228,0.244587391,83451.2732,0.300003634,110462.244,368203.0202,341192.0494
Venezuela,1896955.755,0.73562222,0.806309217,151474.4196,0.064384855,304210.3694,0.129305928,199735.4158,0.077455581,482017.9874,0.186922199,0.193690783,455684.789,0.26437778,681753.4032,2578709.158,2352640.544
Papua New Guinea,530944.5363,0.72161467,0.787685998,35499.0537,0.052664837,107612.4904,0.159649165,125386.1827,0.170414238,79442.2062,0.107971092,0.212314002,143111.5441,0.27838533,204828.3889,735772.9252,674056.0804
Egypt,12027.4028,0.799367333,0.726114607,4478.182,0.270355406,58.4709,0.003529987,827.8702,0.055022053,2190.8795,0.145610614,0.273885393,4536.6529,0.200632667,3018.7497,15046.1525,16564.0557
Yemen,40873.0239,0.956810501,0.863655853,6443.1559,0.13614528,9.4115,0.000198867,1816.0852,0.042513355,28.8835,0.000676144,0.136344147,6452.5674,0.043189499,1844.9687,42717.9926,47325.5913
Mauritania,243.0822,0.711599988,0.34136501,468.9509,0.65855677,0.0557,7.82E-05,96.9351,0.283768272,1.5822,0.00463174,0.65863499,469.0066,0.288400012,98.5173,341.5995,712.0888
Equatorial Guinea,6754.3909,0.497348141,0.310079637,395.7477,0.01816793,14632.6233,0.671752433,3665.6832,0.269916377,3160.7365,0.232735482,0.689920363,15028.371,0.502651859,6826.4197,13580.8106,21782.7619
Gambia,46241.1625,0.714046937,0.823874702,6873.1448,0.122458213,3012.143,0.053667085,5980.8207,0.092354657,12537.2926,0.193598406,0.176125298,9885.2878,0.285953063,18518.1133,64759.2758,56126.4503
Northern Cyprus,5372.292,0.812540835,0.854404327,805.7307,0.128142662,109.7404,0.017453011,784.0986,0.118592238,455.3288,0.068866927,0.145595673,915.4711,0.187459165,1239.4274,6611.7194,6287.7631
Cyprus No Mans Area,435.3808,0.895840106,0.877719104,58.3204,0.117572776,2.3354,0.00470812,33.5995,0.069134375,17.0225,0.035025518,0.122280896,60.6558,0.104159894,50.622,486.0028,496.0366
Kashmir,-1,-1,-1,-1,-1,-1,-1,-1,-1,-1,-1,-1,-1,-1,-1,-1,-1
Southern Patagonian Ice Field,307.5579,0.812547439,0.916759592,15.301,0.045608773,12.6248,0.037631635,23.9311,0.063224369,47.0217,0.124228192,0.083240408,27.9258,0.187452561,70.9528,378.5107,335.4837
Bir Tawil,-1,-1,-1,-1,-1,-1,-1,-1,-1,-1,-1,-1,-1,-1,-1,-1,-1
Antarctica,-1,-1,-1,-1,-1,-1,-1,-1,-1,-1,-1,-1,-1,-1,-1,-1,-1
Australia,9740563.612,0.896677349,0.89224113,607296.6532,0.055628717,569102.9721,0.052130154,511564.6547,0.047092597,610824.4181,0.056230054,0.10775887,1176399.625,0.103322651,1122389.073,10862952.68,10916963.24
Fiji,58869.0683,0.831837387,0.866784958,645.1464,0.0094991,8402.3634,0.123715941,3641.8211,0.051460012,8259.0342,0.116702602,0.133215042,9047.5098,0.168162613,11900.8553,70769.9236,67916.5781
New Zealand,887356.2798,0.80264819,0.84669064,71319.2271,0.068050819,89353.417,0.085258541,131880.6959,0.119291207,86298.7884,0.078060603,0.15330936,160672.6441,0.19735181,218179.4843,1105535.764,1048028.924
Madagascar,2292069.108,0.831910516,0.869946259,73471.8866,0.02788598,269183.9485,0.102167761,99176.2575,0.035996197,363941.7164,0.132093286,0.130053741,342655.8351,0.168089484,463117.9739,2755187.082,2634724.943
Philippines,1154856.335,0.819558146,0.856713924,36388.1589,0.026994044,156762.4693,0.116292032,97040.206,0.068865788,157224.1425,0.111576066,0.143286076,193150.6282,0.180441854,254264.3485,1409120.684,1348006.963
Sri Lanka,255157.8626,0.732598017,0.762565517,18787.7935,0.056149253,60658.8558,0.18128523,33945.5426,0.097462947,59188.3683,0.169939036,0.237434483,79446.6493,0.267401983,93133.9109,348291.7735,334604.5119
The Bahamas,21447.648,0.751102621,0.807219983,3094.7375,0.116475893,2027.3829,0.076304124,2550.0817,0.089304573,4557.154,0.159592805,0.192780017,5122.1204,0.248897379,7107.2357,28554.8837,26569.7684
Taiwan,69187.4925,0.77920675,0.768852499,11291.7323,0.125480434,9508.7672,0.105667067,12459.0752,0.140317204,7145.6463,0.080476046,0.231147501,20800.4995,0.22079325,19604.7215,88792.214,89987.992
Japan,816311.7381,0.794837438,0.834227175,48203.403,0.049261314,114009.3695,0.116511511,120259.3181,0.117095717,90446.1664,0.088066845,0.165772825,162212.7725,0.205162562,210705.4845,1027017.223,978524.5106
Iceland,-1,-1,-1,-1,-1,-1,-1,-1,-1,-1,-1,-1,-1,-1,-1,-1,-1
Seychelles,142.143,0.861428351,0.965087439,0.3868,0.002626199,4.7553,0.032286362,0.0554,0.00033574,22.8101,0.138235909,0.034912561,5.1421,0.138571649,22.8655,165.0085,147.2851
Kiribati,-1,-1,-1,-1,-1,-1,-1,-1,-1,-1,-1,-1,-1,-1,-1,-1,-1
Marshall Islands,-1,-1,-1,-1,-1,-1,-1,-1,-1,-1,-1,-1,-1,-1,-1,-1,-1
Trinidad and Tobago,13380.2242,0.699931188,0.72935623,1153.6124,0.06288343,3811.4159,0.20776034,1572.3097,0.082248891,4163.9513,0.217819921,0.27064377,4965.0283,0.300068812,5736.261,19116.4852,18345.2525
Grenada,1627.5082,0.864769674,0.85151117,14.6506,0.007665184,269.1587,0.140823647,55.8023,0.029650319,198.703,0.105580008,0.14848883,283.8093,0.135230326,254.5053,1882.0135,1911.3175
Saint Vincent and the Grenadines,1587.8913,0.845339052,0.801360438,21.2029,0.010700459,372.4003,0.187939104,72.1262,0.038397524,218.3901,0.116263424,0.198639562,393.6032,0.154660948,290.5163,1878.4076,1981.4945
Barbados,2151.0647,0.900327532,0.908728968,164.9666,0.069691036,51.0823,0.021579995,150.7924,0.063114117,87.3453,0.036558351,0.091271032,216.0489,0.099672468,238.1377,2389.2024,2367.1136
Saint Lucia,2550.7201,0.859892122,0.854831046,52.2933,0.017525222,380.8746,0.127643732,110.0915,0.03711376,305.5141,0.102994118,0.145168954,433.1679,0.140107878,415.6056,2966.3257,2983.888
Dominica,925.4883,0.785327654,0.639618756,7.8673,0.005437208,513.5818,0.354944036,43.6259,0.037018972,209.3599,0.177653374,0.360381244,521.4491,0.214672346,252.9858,1178.4741,1446.9374
Antigua and Barbuda,2037.692,0.791775696,0.820946469,183.7875,0.074044409,260.6458,0.105009123,155.8073,0.060541256,380.073,0.147683047,0.179053531,444.4333,0.208224304,535.8803,2573.5723,2482.1253
Saint Kitts and Nevis,1426.5969,0.843547149,0.850874928,157.3842,0.093869733,92.6424,0.055255339,146.0882,0.086381994,118.503,0.070070857,0.149125072,250.0266,0.156452851,264.5912,1691.1881,1676.6235
Jamaica,43670.5367,0.859810767,0.867467594,2360.111,0.046881032,4311.9092,0.085651375,3085.9662,0.060758286,4034.3669,0.079430947,0.132532406,6672.0202,0.140189233,7120.3331,50790.8698,50342.5569
Mauritius,-1,-1,-1,-1,-1,-1,-1,-1,-1,-1,-1,-1,-1,-1,-1,-1,-1
Comoros,7149.9729,0.847615961,0.884370188,11.4905,0.001421244,923.3556,0.114208568,77.9821,0.009244633,1207.437,0.143139406,0.115629812,934.8461,0.152384039,1285.4191,8435.392,8084.819
São Tomé and Principe,-1,-1,-1,-1,-1,-1,-1,-1,-1,-1,-1,-1,-1,-1,-1,-1,-1
Cabo Verde,-1,-1,-1,-1,-1,-1,-1,-1,-1,-1,-1,-1,-1,-1,-1,-1,-1
Malta,91.7511,0.983220617,0.856794274,15.2345,0.142263497,0.1009,0.000942229,1.4651,0.015700264,0.1007,0.001079119,0.143205726,15.3354,0.016779383,1.5658,93.3169,107.0865
Singapore,3135.8879,0.697853829,0.788720863,580.2627,0.145944406,259.7654,0.06533473,526.7146,0.117213948,831.0146,0.184932223,0.211279137,840.0281,0.302146171,1357.7292,4493.6171,3975.916
Tonga,-1,-1,-1,-1,-1,-1,-1,-1,-1,-1,-1,-1,-1,-1,-1,-1,-1
Samoa,-1,-1,-1,-1,-1,-1,-1,-1,-1,-1,-1,-1,-1,-1,-1,-1,-1
Solomon Islands,15302.7155,0.710247467,0.545495487,485.4232,0.017303868,12264.7341,0.437200646,2466.4828,0.114477274,3776.4125,0.175275258,0.454504513,12750.1573,0.289752533,6242.8953,21545.6108,28052.8728
Tuvalu,-1,-1,-1,-1,-1,-1,-1,-1,-1,-1,-1,-1,-1,-1,-1,-1,-1
Maldives,0.4439,0.88886664,0.88886664,0.0555,0.11113336,0,0,0.0555,0.11113336,0,0,0.11113336,0.0555,0.11113336,0.0555,0.4994,0.4994
Nauru,-1,-1,-1,-1,-1,-1,-1,-1,-1,-1,-1,-1,-1,-1,-1,-1,-1
Federated States of Micronesia,-1,-1,-1,-1,-1,-1,-1,-1,-1,-1,-1,-1,-1,-1,-1,-1,-1
Vanuatu,14966.6373,0.907364717,0.926279768,72.4189,0.00448198,1118.7374,0.069238253,177.7764,0.010777841,1350.2075,0.081857442,0.073720232,1191.1563,0.092635283,1527.9839,16494.6212,16157.7936
Palau,1250.3017,0.880411756,0.932514266,10.668,0.007956529,79.8159,0.059529204,78.8822,0.055545646,90.949,0.064042598,0.067485734,90.4839,0.119588244,169.8312,1420.1329,1340.7856
Bahrain,21.709,0.751993515,0.33486247,43.1206,0.66513753,0,0,7.1596,0.248006485,0,0,0.66513753,43.1206,0.248006485,7.1596,28.8686,64.8296
Spratly Islands,-1,-1,-1,-1,-1,-1,-1,-1,-1,-1,-1,-1,-1,-1,-1,-1,-1
Bajo Nuevo Bank (Petrel Is.),-1,-1,-1,-1,-1,-1,-1,-1,-1,-1,-1,-1,-1,-1,-1,-1,-1
Serranilla Bank,-1,-1,-1,-1,-1,-1,-1,-1,-1,-1,-1,-1,-1,-1,-1,-1,-1
Scarborough Reef,-1,-1,-1,-1,-1,-1,-1,-1,-1,-1,-1,-1,-1,-1,-1,-1,-1
